{"cameraMode":{"drawMode":0,"name":"Shaded","section":"Shading Mode"},"sceneLighting":false,"audioPlay":false,"sceneViewState":{"showFog":true,"showMaterialUpdate":false,"showSkybox":false,"showFlares":true,"showImageEffects":true,"showParticleSystems":true},"in2DMode":false,"pivot":{"x":-0.05234469100832939,"y":1.1809111833572388,"z":-0.24141815304756165},"rotation":{"x":-0.005877234973013401,"y":-0.9583221077919006,"z":-0.01984110102057457,"w":0.2854171097278595},"size":2.4953558444976808,"orthographic":false}